CLASS_ID, CLASS_NAME, CREDITS
1, ANALISI MATEMATICA 1, 10
2, CHIMICA, 8
3, INFORMATICA, 8
4, ALGEBRA LINEARE E GEOMETRIA, 10
5, FISICA 1, 10
6, ANALISI MATEMATICA 2, 8
7, BASI DI DATI, 8
8, FISICA 2, 6
9, STATISTICA, 10
10, ECONOMIA E ORGANIZZAZIONE AZIENDALE, 8
11, RICERCA OPERATIVA, 8
12, SISTEMI DI PRODUZIONE, 8
13, SISTEMI ELETTRICI INDUSTRIALI, 8
14, ELEMENTI DI DIRITTO PRIVATO, 8
15, PROGRAMMAZIONE A OGGETTI, 8
16, PROGRAMMAZIONE E GESTIONE DELLA PRODUZIONE, 10
17, SISTEMI TELEMATICI, 8
18, PROGETTAZIONE DI SERVIZI WEB E RETI DI CALCOLATORI, 8
19, TECNICHE DI PROGRAMMAZIONE, 10
20, IMPIANTI INDUSTRIALI, 8
21, PROGRAMMAZIONE E CONTROLLO DELLA PRODUZIONE, 10
22, SCIENZA DELLE COSTRUZIONI, 8
23, TECNOLOGIA DEI MATERIALI, 8
24, LOGISTICA DI DISTRIBUZIONE, 10
25, SISTEMI ENERGETICI INDUSTRIALI, 8
26, ANALISI DEI SISTEMI ECONOMICI, 8
27, ECONOMIA AZIENDALE, 8
28, SISTEMI INFORMATIVI AZIENDALI, 8
29, ANALISI E GESTIONE DEI SISTEMI PRODUTTIVI, 8
30, DIRITTO COMMERIALE, 8
31, ECONOMIA DEI SISTEMI INDUSTRIALI, 8
32, STRATEGIA E ORGANIZZAZIONE, 8
33, ECONOMIA E FINANZA D'IMPRESA, 8
34, GESTIONE DEI PROGETTI, 8
35, GESTIONE INTEGRATA DI FABBRICA, 8
36, INGEGNERIA DELLA QUALITA', 8
37, CONTROLLI AUTOMATICI, 8
38, MODELLI E SISTEMI A EVENTI DISCRETI
39, ACCOUNTING AND CORPORATE FINANCE, 8
40, ECONOMICS, 8
41, INFORMATION SYSTEMS, 8
42, ANALYSIS AND MANAGEMENT OF PRODUCTION SYSTEMS, 8
43, BUSINESS LAW, 8
44, INDUSTRIAL ECONOMICS, 8
45, STRATEGY AND ORGANIZATION, 8
46, FINANCIAL ENGINEERING, 8
47, PROJECT MANAGEMENT, 8
48, QUALITY ENGINEERING, 8
 
