{"_module": "oauth2client.client", "scopes": ["https://www.googleapis.com/auth/calendar"], "token_expiry": "2018-12-07T10:13:14Z", "id_token": null, "user_agent": null, "access_token": "ya29.GlxrBn7vot1d_1VH2GGbNHm4oRRRVBMg8LQFSuBVVfnR0JJXyor_jJ33SPQgNTuU_FDswhNygE6EJiSMhjEY0-9lDg0ULnzC_F3FI7b22R7Z-Wdz4vvfnLFlltZerg", "token_uri": "https://www.googleapis.com/oauth2/v3/token", "invalid": false, "token_response": {"access_token": "ya29.GlxrBn7vot1d_1VH2GGbNHm4oRRRVBMg8LQFSuBVVfnR0JJXyor_jJ33SPQgNTuU_FDswhNygE6EJiSMhjEY0-9lDg0ULnzC_F3FI7b22R7Z-Wdz4vvfnLFlltZerg", "scope": "https://www.googleapis.com/auth/calendar.readonly", "expires_in": 3600, "token_type": "Bearer"}, "client_id": "838139646227-qekml40od37lsihunsrsndnobna0hp41.apps.googleusercontent.com", "token_info_uri": "https://oauth2.googleapis.com/tokeninfo", "client_secret": "hS-kNg8Gr4CGuzWy88qP7dko", "revoke_uri": "https://oauth2.googleapis.com/revoke", "_class": "OAuth2Credentials", "refresh_token": "1/veOSct3mc2raHIC-uzZHdOgWSOkg9rHjoyRJLMe-Pbo", "id_token_jwt": null}