{"_module": "oauth2client.client", "scopes": ["https://www.googleapis.com/auth/calendar"], "token_expiry": "2018-12-12T13:05:04Z", "id_token": null, "user_agent": null, "access_token": "ya29.GltwBhSMfre8fjCiNIuE72qEPZQo1Qs88EoiQ44q6G8BDqJvJgLQFtmZ_ZqZLjHaZR9ohj2QPW6M-UbMLZcvO1qCiOFyQhrWVTLatKqUGUtHi6sneCHtuAywO14N", "token_uri": "https://www.googleapis.com/oauth2/v3/token", "invalid": false, "token_response": {"access_token": "ya29.GltwBhSMfre8fjCiNIuE72qEPZQo1Qs88EoiQ44q6G8BDqJvJgLQFtmZ_ZqZLjHaZR9ohj2QPW6M-UbMLZcvO1qCiOFyQhrWVTLatKqUGUtHi6sneCHtuAywO14N", "scope": "https://www.googleapis.com/auth/calendar", "token_type": "Bearer", "expires_in": 3600, "refresh_token": "1/_9FNPL6tBINQdAXviAvSqkc5s4senhfsVNZ13BeWgg4"}, "client_id": "838139646227-qekml40od37lsihunsrsndnobna0hp41.apps.googleusercontent.com", "token_info_uri": "https://oauth2.googleapis.com/tokeninfo", "client_secret": "hS-kNg8Gr4CGuzWy88qP7dko", "revoke_uri": "https://oauth2.googleapis.com/revoke", "_class": "OAuth2Credentials", "refresh_token": "1/_9FNPL6tBINQdAXviAvSqkc5s4senhfsVNZ13BeWgg4", "id_token_jwt": null}